<?xml version='1.0' encoding='utf-8' standalone='yes' ?>
<map>
    <int name="ModChaSendBKColor" value="-14537418" />
    <int name="bubblenewtext" value="-1" />
    <int name="quoted_text_picker" value="-6052957" />
    <int name="tittle_size" value="20" />
    <int name="key_avatar_border_size" value="3" />
    <boolean name="disable_hiddenchat_access" value="false" />
    <boolean name="my_statusd" value="true" />
    <int name="RcTargetColor" value="-11645362" />
    <boolean name="imsHideVStatus" value="false" />
    <boolean name="RcBkTabs_Gactive" value="false" />
    <boolean name="ModContactNameColor_Gactive" value="false" />
    <boolean name="HazarGorulmeyenHikaye_Gactive" value="false" />
    <int name="bubblenew" value="-14537418" />
    <boolean name="date_bubble_color_picker_Gactive" value="false" />
    <int name="chat_icon_bg_forward_picker" value="-14537418" />
    <boolean name="Conv_call_btn" value="false" />
    <boolean name="ModFabTextColor_Gactive" value="false" />
    <boolean name="Hide_div" value="false" />
    <int name="border_pic_color_chat_picker" value="-16390253" />
    <boolean name="isSwipeEnabled" value="false" />
    <int name="aero_isim_rengi" value="-16390253" />
    <boolean name="hiden_fab" value="true" />
    <boolean name="HomeBarText_Gactive" value="false" />
    <int name="ModWdgTitleColor" value="-1" />
    <int name="ModFabText" value="-16390253" />
    <int name="AerosayiRenk" value="-65536" />
    <int name="ig_story" value="-14537418" />
    <int name="ConvoBack" value="-16117477" />
    <boolean name="onlinechat" value="true" />
    <boolean name="enable_fivminstatus" value="true" />
    <string name="ui_home_styleV2">1</string>
    <string name="ui_home_styleV3">one</string>
    <int name="AeroDaireUc" value="-16390253" />
    <string name="convostyle">0</string>
    <int name="HomeCounterBK" value="-65536" />
    <int name="ModChatBubbleTextLeft" value="-1" />
    <boolean name="enable_grp_separationV2" value="true" />
    <boolean name="chat_contactpicV2" value="false" />
    <boolean name="chats_row_divider_picker_Gactive" value="false" />
    <int name="ModFabTextColor" value="-16390253" />
    <int name="border_poto" value="-16390253" />
    <boolean name="ModConTextColor_Gactive" value="false" />
    <boolean name="group_mypicV2" value="false" />
    <int name="SearchViw" value="-1" />
    <int name="ModConBackColor" value="-16777216" />
    <int name="oh_anunya" value="-16390253" />
    <boolean name="yo_hideinfo" value="false" />
    <boolean name="attachChat_Gactive" value="false" />
    <boolean name="Hide_contact_picker_section_recent_chats" value="false" />
    <int name="chats_date_pending_color_picker" value="-1" />
    <boolean name="toolbar_wallpaper" value="false" />
    <boolean name="oh_anunya_Gactive" value="false" />
    <int name="HomeCounterText" value="-1" />
    <boolean name="AeroDaireBir_Gactive" value="false" />
    <boolean name="tabadgeBKColor_Gactive" value="false" />
    <boolean name="aero_son_rengi_Gactive" value="false" />
    <int name="ModChatBubbleHyperlinks" value="-3007148" />
    <boolean name="AerosayiRenk_Gactive" value="false" />
    <int name="ModlastseenColor" value="-16390253" />
    <boolean name="Hide_contact_picker_section_frequent_chats" value="false" />
    <int name="ModDarkConPickColorNav" value="-14537418" />
    <int name="aeroHazarBarRenk" value="-16390253" />
    <int name="BGColor" value="-14537418" />
    <boolean name="hiden_nav" value="false" />
    <boolean name="TabIcon_Gactive" value="false" />
    <int name="quoted_bg_picker" value="-13553359" />
    <boolean name="Searchikon_Gactive" value="false" />
    <boolean name="pagetitle_picker_Gactive" value="false" />
    <boolean name="statuschat" value="true" />
    <int name="AerosohbetlerRenk" value="-16390253" />
    <boolean name="quoted_divider_picker_Gactive" value="false" />
    <boolean name="HomeBarBar_Gactive" value="false" />
    <boolean name="ModChaSendColor_Gactive" value="false" />
    <int name="ModChatEmojiColor" value="-16390253" />
    <int name="ModChaSendColor" value="-16390253" />
    <boolean name="ModDarkConPickColorNav_Gactive" value="false" />
    <int name="ModChatColor" value="-14537418" />
    <int name="tabadgeBKColor" value="-328966" />
    <string name="ui_home_style">1</string>
    <boolean name="emojipopup_header_Gactive" value="false" />
    <boolean name="HomeCounterBK_Gactive" value="false" />
    <boolean name="home_imgBK" value="false" />
    <boolean name="quoted_name_picker_Gactive" value="false" />
    <boolean name="custom_wall_profilepic" value="false" />
    <boolean name="bubblenewtext_Gactive" value="false" />
    <boolean name="chat_icon_bg_forward_picker_Gactive" value="false" />
    <boolean name="ModWdgTitleColor_Gactive" value="false" />
    <boolean name="date_right_color_Gactive" value="false" />
    <int name="tabadgeTextColor" value="-16777216" />
    <string name="ConvoEntry">24</string>
    <int name="cevronChat" value="-14803426" />
    <int name="ModConColor" value="-14537418" />
    <boolean name="chats_show_contact_online_toast_check" value="true" />
    <string name="tick_style">rcios11</string>
    <boolean name="hide_fab" value="true" />
    <boolean name="status_ch_Gactive" value="false" />
    <boolean name="ModChatGStatusT_Gactive" value="false" />
    <int name="AeroElegantRenkler" value="-14803426" />
    <int name="Searchikon" value="-11447983" />
    <boolean name="imsHideMStatus" value="false" />
    <boolean name="ModChatTextColor_Gactive" value="false" />
    <int name="RcBkTabs" value="-16777216" />
    <string name="ui_bottom_style">ios</string>
    <boolean name="my_name" value="false" />
    <boolean name="TxtSelect" value="false" />
    <int name="pagetitle_picker" value="-16390253" />
    <int name="ModFabColor" value="-14537418" />
    <int name="ModChatDarkColor" value="-14803426" />
    <boolean name="AerosohbetlerRenk_Gactive" value="false" />
    <boolean name="hide_action_a" value="true" />
    <boolean name="hide_action_b" value="false" />
    <boolean name="ModFabPressedColor_Gactive" value="false" />
    <boolean name="ConvoBack_Gactive" value="false" />
    <int name="HomeBarBar" value="-16390253" />
    <boolean name="quoted_text_picker_Gactive" value="false" />
    <string name="home">7</string>
    <boolean name="RcTargetColor_Gactive" value="false" />
    <boolean name="ModConPickColor_Gactive" value="false" />
    <string name="HomeEntry">waca</string>
    <boolean name="statuses_bar_text_picker_Gactive" value="false" />
    <boolean name="bubblenew_Gactive" value="false" />
    <int name="main_text" value="14" />
    <boolean name="ModChatRightBubble_Gactive" value="false" />
    <boolean name="ModConColor_Gactive" value="false" />
    <int name="text_size_pick" value="14" />
    <int name="ModChatBubbleText" value="-16777216" />
    <int name="rvkdmsg_icon_color" value="-65536" />
    <int name="mensen" value="-14537418" />
    <boolean name="ModChatGStatusB_Gactive" value="false" />
    <boolean name="carview_Gactive" value="false" />
    <int name="AeroDaireBir" value="-14803426" />
    <boolean name="aeroHazarBarRenk_Gactive" value="false" />
    <int name="emojipopup_icons" value="-16390253" />
    <boolean name="quoted_bg_picker_Gactive" value="false" />
    <int name="chats_row_divider_picker" value="-16377838" />
    <int name="ModFabNormalColor" value="-14537418" />
    <boolean name="hide_action_l" value="true" />
    <boolean name="ModWdgStatusColor_Gactive" value="false" />
    <int name="ModContactNameColor" value="-1" />
    <boolean name="hide_action_m" value="false" />
    <boolean name="Audio_sensor" value="true" />
    <int name="TabIcon" value="-16390253" />
    <boolean name="status_nm_Gactive" value="false" />
    <int name="UnSeenColor" value="-16390253" />
    <boolean name="tabadgeTextColor_Gactive" value="false" />
    <boolean name="BGColor_Gactive" value="false" />
    <boolean name="HomeBarBar2_Gactive" value="false" />
    <boolean name="ModFabText_Gactive" value="false" />
    <int name="ModConDarkColor" value="-14803426" />
    <int name="date_right_color" value="-16777216" />
    <int name="emojipopup_body" value="-14537418" />
    <boolean name="emojipopup_body_Gactive" value="false" />
    <boolean name="NameProf" value="false" />
    <boolean name="ModChatEmojiColor_Gactive" value="false" />
    <boolean name="ModChatBtnColor_Gactive" value="false" />
    <int name="ModChatRightBubble" value="-2361144" />
    <int name="ModChatLeftBubble" value="-13553359" />
    <boolean name="ModChaSendBKColor_Gactive" value="false" />
    <boolean name="AeroDaireUc_Gactive" value="false" />
    <int name="yoTostC" value="-16390253" />
    <boolean name="chat_icon_forward_picker_Gactive" value="false" />
    <boolean name="yo_want_airplanemode" value="false" />
    <int name="ModDarkConPickColor" value="-14537418" />
    <int name="status_ch" value="-1" />
    <int name="yoTostT" value="-1" />
    <boolean name="chat_mypicV2" value="false" />
    <int name="ModConTextColor" value="-8158333" />
    <boolean name="key_with_thumb" value="true" />
    <int name="aero_son_rengi" value="-9079435" />
    <int name="attachbg" value="-14537418" />
    <boolean name="chats_date_pending_color_picker_Gactive" value="false" />
    <int name="HomeBarBar2" value="-16390253" />
    <boolean name="ModOnlineColor_Gactive" value="false" />
    <boolean name="AeroElegantRenkler_Gactive" value="false" />
    <boolean name="date_divider_color_picker_Gactive" value="false" />
    <boolean name="PicProf" value="false" />
    <boolean name="border_pic_color_chat_picker_Gactive" value="false" />
    <int name="chat_icon_forward_picker" value="-16390253" />
    <boolean name="SeenColor_Gactive" value="false" />
    <boolean name="hiden_group" value="false" />
    <string name="bubble_style">ios11</string>
    <boolean name="ModChatColor_Gactive" value="false" />
    <boolean name="cevronChat_Gactive" value="false" />
    <int name="HazarGorulmeyenHikaye" value="-16390253" />
    <int name="ModChatBtnColor" value="-16390253" />
    <boolean name="ModChatLeftBubble_Gactive" value="false" />
    <int name="carview" value="-2011026122" />
    <string name="pic_startlocation">1</string>
    <boolean name="AttBt" value="false" />
    <boolean name="pic_inside" value="false" />
    <boolean name="HomeCounterText_Gactive" value="false" />
    <int name="date_left_color" value="-1207959553" />
    <boolean name="ModDarkConPickColor_Gactive" value="false" />
    <boolean name="ModChatBubbleText_Gactive" value="false" />
    <int name="ModFabPressedColor" value="-14537418" />
    <boolean name="status_nw_Gactive" value="false" />
    <int name="statuses_bar_bg_picker" value="0" />
    <boolean name="emojipopup_icons_Gactive" value="false" />
    <int name="emojipopup_header" value="-14537418" />
    <int name="ModChatGStatusB" value="-1809701327" />
    <int name="quoted_name_picker" value="-16390253" />
    <int name="HomeBarText" value="-16390253" />
    <boolean name="aero_grup_arama_butonu" value="true" />
    <boolean name="yoTostC_Gactive" value="false" />
    <boolean name="imsHideRStatus" value="false" />
    <boolean name="tittle_bold" value="false" />
    <int name="ModChatGStatusT" value="-1" />
    <boolean name="log_show_name_check" value="true" />
    <int name="statuses_bar_text_picker" value="-1" />
    <boolean name="isSwipeEnabledV2" value="false" />
    <boolean name="attachbg_Gactive" value="false" />
    <boolean name="Hide_contact_picker_section_other_contacts" value="false" />
    <int name="ModWdgStatusColor" value="-8158333" />
    <int name="status_nw" value="-1" />
    <int name="row_resizer" value="0" />
    <boolean name="enable_ig_stories" value="false" />
    <int name="ModConPickColor" value="-14537418" />
    <boolean name="SearchViw_Gactive" value="false" />
    <int name="HazarGorulenHikaye" value="-6250336" />
    <int name="status_nm" value="-1" />
    <boolean name="mensen_Gactive" value="false" />
    <string name="key_story_view">0</string>
    <boolean name="date_left_color_Gactive" value="false" />
    <boolean name="rvkdmsg_icon_color_Gactive" value="false" />
    <boolean name="border_poto_Gactive" value="false" />
    <boolean name="yo_want_nightmode" value="true" />
    <boolean name="UnSeenColor_Gactive" value="false" />
    <boolean name="ModConBackColor_Gactive" value="false" />
    <int name="pic_chat_size_pickerV2" value="40" />
    <boolean name="custom_wall" value="false" />
    <boolean name="ModChatBubbleTextLeft_Gactive" value="false" />
    <boolean name="aero_isim_rengi_Gactive" value="false" />
    <boolean name="ModChatEntry_Gactive" value="false" />
    <boolean name="elapsed_time" value="false" />
    <int name="attachChat" value="-16390253" />
    <boolean name="ModlastseenColor_Gactive" value="false" />
    <boolean name="ModFabNormalColor_Gactive" value="false" />
    <int name="ModChatEntry" value="1998728502" />
    <boolean name="Audio_ears" value="false" />
    <string name="hazar_aero_giris_stilleri">0</string>
    <boolean name="yoTostT_Gactive" value="false" />
    <int name="ModWdgBKColor" value="-14537418" />
    <int name="square_photo_ratio_picker" value="100" />
    <boolean name="statuses_bar_bg_picker_Gactive" value="false" />
    <int name="ModChatTextColor" value="-1" />
    <boolean name="ModFabColor_Gactive" value="false" />
    <boolean name="group_participants_picV2" value="false" />
    <boolean name="ModWdgBKColor_Gactive" value="false" />
    <boolean name="participant_name_color_picker_Gactive" value="false" />
    <boolean name="enable_grp_separation" value="false" />
    <boolean name="ModChatBubbleHyperlinks_Gactive" value="false" />
    <boolean name="HazarGorulenHikaye_Gactive" value="false" />
    <boolean name="ig_story_Gactive" value="false" />
    <int name="SeenColor" value="-13938185" />
    <int name="ModOnlineColor" value="-16390253" />
</map>
